kategori,kode,item,deskripsi,referensi_teknis,satuan,frekuensi,pembayar,qty,harga_min_rp,harga_max_rp,harga_dipilih_rp,subtotal_min_rp,subtotal_max_rp,subtotal_dipilih_rp,milestone,acceptance_criteria,status,catatan
A-Readiness,A1,Eligibility enforcement,Trigger DB tolak non-DPT 42501 + bedakan error 23505/P0001/42501 di UI + 3 index DPT,docs/P0-01-Eligibility-Enforcement.md; VotingPage.tsx; supabase/migrations/20260913000000*,lot,one-time,Universitas,1,"IDR 1,200,000","IDR 2,000,000",,"IDR 1,200,000","IDR 2,000,000",,Kickoff-Ready,T2 non-DPT -> 42501; voter legit tetap bisa vote,TEMPLATE,Core P0-01; votes schema tidak diubah
A-Readiness,A2,Session hardening,RPC is_session_revoked + enforce logout <=5 mnt + MySessions keluar device lain,docs/P0-03-Auth-Session-Hardening.md; src/lib/sessions.ts; src/components/AppBootstrap.tsx,lot,one-time,Universitas,1,"IDR 800,000","IDR 1,500,000",,"IDR 800,000","IDR 1,500,000",,Kickoff-Ready,H1 revoke 2-device -> logout <=5 mnt + toast + audit,TEMPLATE,Core P0-03
A-Readiness,A3,RLS dan RPC review,Audit 50 migrasi + has_permission sweep 31 permission + guard get_election_tally 42501 + lockdown admin helper + audit immutability,supabase/migrations/20251109*; supabase/migrations/20251110*; supabase/migrations/20251111*,lot,one-time,Universitas,1,"IDR 800,000","IDR 1,500,000",,"IDR 800,000","IDR 1,500,000",,Kickoff-Ready,Matriks akses D2 lolos; audit_log append-only,TEMPLATE,Fase 1-3 RBAC
A-Readiness,A4,Auth dashboard + SMTP,JWT 3600 + MFA TOTP admin/committee + leaked-password + rate-limit + CAPTCHA login/invite + SMTP + uji 4 provider + redirect Site URL prod,docs/supabase-auth-redirects.md; docs/P0-03-Auth-Session-Hardening.md,lot,one-time,Universitas,1,"IDR 500,000","IDR 1,000,000",,"IDR 500,000","IDR 1,000,000",,Sebelum-UAT,H5 email 4 provider masuk inbox bukan spam; setting terdokumentasi tanggal+pelaku,TEMPLATE,Eksekusi manual dashboard
A-Readiness,A5,Testing baseline,vitest full + tsc --noEmit 0 + vite build + coverage gate P1 scope,CHANGELOG.md [P0 Go-Live]; vitest.config.ts:22-41; tests/e2e/helpers.ts,lot,one-time,Universitas,1,"IDR 500,000","IDR 1,000,000",,"IDR 500,000","IDR 1,000,000",,Sebelum-UAT,20 files / 155-156 tests hijau; tsc 0; build sukses,TEMPLATE,E2E penuh + k6 penuh di luar P0 (P1)
A-Readiness,A6,Deploy hardening,Vercel headers CSP/HSTS + Sentry PII-filter + logger + ErrorBoundary + CI + health endpoint,vercel.json:7-51; src/lib/logger.ts; src/App.tsx:71; .github/workflows/ci.yml; public/health.html,lot,one-time,Universitas,1,"IDR 500,000","IDR 1,000,000",,"IDR 500,000","IDR 1,000,000",,Sebelum-UAT,Headers terverifikasi; Sentry tanpa PII; CI hijau,TEMPLATE,
A-Readiness,A7,Backup strategy + drill,PITR enable + snapshot-db.mjs + prosedur restore + verifikasi query + 1x drill <1 jam,docs/RUNBOOK.md:24-124; docs/P0-02-Staging-Backup-Drill.md; scripts/snapshot-db.mjs,lot,one-time,Universitas,1,"IDR 500,000","IDR 1,000,000",,"IDR 500,000","IDR 1,000,000",,Sebelum-GoLive,Drill restore tercatat tanggal+durasi+RTO+hash SHA-256 2 lokasi,TEMPLATE,Retensi manual 30 hari; election-day 1 tahun
B-Deployment,B1,Institusi dan branding,Origin prod + Site URL + redirect + logo/nama event + copy Index/PublicResultsPage,.env.example; vercel.json; src/pages/Index.tsx; src/pages/PublicResultsPage.tsx,lot,per-event,Universitas,1,"IDR 300,000","IDR 500,000",,"IDR 300,000","IDR 500,000",,Staging-UAT,URL prod benar; branding sesuai brief,TEMPLATE,0.5-1 hari
B-Deployment,B2,Konfigurasi election,election_events + scope_type/scope_id + window + eligibility_rules + state draft->registration via RPC,src/lib/election-state.ts; supabase/migrations/20251106000000*,lot,per-event,Universitas,1,"IDR 400,000","IDR 800,000",,"IDR 400,000","IDR 800,000",,Staging-UAT,Transisi hanya via admin_transition_election_state; audit tercatat,TEMPLATE,0.5-1 hari
B-Deployment,B3,Kandidat dan pasangan,candidates/candidate_pairs + approval flow + foto Storage,src/lib/candidate-helpers.ts; src/lib/candidate-pair-helpers.ts; src/pages/admin/*,lot,per-event,Universitas,1,"IDR 400,000","IDR 800,000",,"IDR 400,000","IDR 800,000",,Staging-UAT,Kandidat tampil benar; approval sesuai Peraturan,TEMPLATE,Skala dgn jumlah kandidat
B-Deployment,B4,DPT dan voter import,Bulk profiles + event_voter_groups + index DPT + is_eligible_voter + undangan admin_create_user/invitations,supabase/migrations/20260913000000*; invitations; redeem_invitation,lot,per-event,Universitas,1,"IDR 800,000","IDR 2,000,000",,"IDR 800,000","IDR 2,000,000",,Staging-UAT,DPT terimport; 2-3 akun uji lolos voting staging; snapshot pasca-import,TEMPLATE,1-2 hari; item terbesar B
B-Deployment,B5,Staff committee observer,Assign committee/observer + layout + route /committee /observer + ElectionStaff UI,src/pages/admin/ElectionStaff.tsx; src/pages/committee/*; src/pages/observer/*,lot,per-event,Universitas,1,"IDR 300,000","IDR 500,000",,"IDR 300,000","IDR 500,000",,Staging-UAT,Role scoped benar; observer read-only,TEMPLATE,0.5 hari
B-Deployment,B6,Jadwal dan transisi,auto_transition pg_cron + manual override + election_state_transitions audit,supabase/migrations/20251106000000*,lot,per-event,Universitas,1,"IDR 200,000","IDR 400,000",,"IDR 200,000","IDR 400,000",,Staging-UAT,Window voting akurat; auto/manual transition teruji,TEMPLATE,Termasuk
B-Deployment,B7,Staging dan UAT,Vercel preview->staging + db push dry-run+push + UAT Fase 0-5 + Peraturan diisi panitia,docs/P1-Manual-Testing-Runbook.md; docs/Peraturan-Pemilihan-Template.md,lot,per-event,Universitas,1,"IDR 400,000","IDR 1,500,000",,"IDR 400,000","IDR 1,500,000",,Staging-UAT,UAT sign-off panitia; tally match; audit normal,TEMPLATE,1 hari + jendela panitia
B-Deployment,B8,Training,Walkthrough PANDUAN_ADMIN/PANITIA/VOTER/OBSERVER + briefing SOP Helpdesk,docs/PANDUAN_*.md; docs/SOP-Helpdesk-HariH.md,lot,per-event,Universitas,1,"IDR 200,000","IDR 500,000",,"IDR 200,000","IDR 500,000",,Sebelum-GoLive,Panitia mampu operasi dasar + kontak darurat terisi,TEMPLATE,0.5 hari
C-Operations,C1,Monitoring H-H,Sentry spike + Vercel/Supabase status + uptime + audit anomaly,docs/RUNBOOK.md:127-199; src/lib/logger.ts,lot,per-event,Universitas,1,"IDR 800,000","IDR 2,000,000",,"IDR 800,000","IDR 2,000,000",,H-H,P0 <15 mnt; P1 <1 jam; no unresolved error baru,TEMPLATE,Window disepakati mis. 09.00-15.00+1 jam
C-Operations,C2,Support voter panitia,Troubleshoot tidak-bisa-vote / tally / login + reset manual + sengketa sudah-memilih + internet down,docs/RUNBOOK.md:183-199; docs/SOP-Helpdesk-HariH.md,lot,per-event,Universitas,1,"IDR 800,000","IDR 2,000,000",,"IDR 800,000","IDR 2,000,000",,H-H,SLA window terpenuhi; standby developer,TEMPLATE,Item terbesar C
C-Operations,C3,Incident handling,Template severity + eskalasi + kontak darurat + komunikasi stakeholder,docs/RUNBOOK.md:127-175,lot,per-event,Universitas,1,"IDR 400,000","IDR 1,000,000",,"IDR 400,000","IDR 1,000,000",,H-H,Kontak terisi pre-go-live; incident log tercatat,TEMPLATE,
C-Operations,C4,Verifikasi hasil,get_election_tally 1-RPC + safePercent + 2-approvals publish + export audit JSON,src/pages/app/ResultsPage.tsx; src/pages/admin/AuditExport.tsx,lot,per-event,Universitas,1,"IDR 400,000","IDR 1,000,000",,"IDR 400,000","IDR 1,000,000",,H+1,Tally final match suara masuk; export tersimpan,TEMPLATE,H+1 checklist
C-Operations,C5,Laporan pasca-event,Tally final + incident log + snapshot post-election 1 thn + archive status=archived,docs/RUNBOOK.md:219-226,lot,per-event,Universitas,1,"IDR 400,000","IDR 1,500,000",,"IDR 400,000","IDR 1,500,000",,H+1-sd-H+7,Report + snapshot + archive selesai,TEMPLATE,
C-Operations,C6,Cleanup event test,Hapus votes->observations->transitions/committees/observers->candidates+DPT->event->users p1-*; audit_log dipertahankan,docs/P1-Manual-Testing-Runbook.md Fase 5,lot,per-event,Universitas,1,"IDR 200,000","IDR 500,000",,"IDR 200,000","IDR 500,000",,H+7,Verifikasi residu 0; audit_log utuh,TEMPLATE,Hanya jika pakai event test
D-Infrastructure,D1,Vercel Pro,Hosting frontend SPA; Hobby tidak untuk institusional; org milik universitas,vercel.json; .env.example,bulan,bulanan,Universitas,2,"IDR 330,000","IDR 350,000",,"IDR 660,000","IDR 700,000",,Pra-GoLive,Deploy prod di org universitas; provider sebagai operator,TEMPLATE,Acuan $20/bln Sep 2026 blm pajak+usage; qty=bulan persiapan+event
D-Infrastructure,D2,Supabase Pro,Postgres+Auth+Storage+Realtime; Free pause 1 mgg + tanpa auto-backup; Pro daily backup 7 hari + PITR,docs/RUNBOOK.md:24-71,bulan,bulanan,Universitas,2,"IDR 415,000","IDR 450,000",,"IDR 830,000","IDR 900,000",,Pra-GoLive,PITR enable; project di org universitas,TEMPLATE,Acuan $25/bln Sep 2026 blm pajak+usage
D-Infrastructure,D3,Domain,Domain institusi + DNS; milik universitas,,edisi,tahunan,Universitas,1,"IDR 150,000","IDR 400,000",,"IDR 150,000","IDR 400,000",,Pra-GoLive,DNS menunjuk Vercel prod; SSL aktif,TEMPLATE,Contoh .ac.id/.org/.com
D-Infrastructure,D4,Email SMTP,Provider kampus/Gmail/Yahoo/Outlook; uji 4 provider bagian H5,docs/supabase-auth-redirects.md,event,per-event,Universitas,1,IDR 0,"IDR 500,000",,IDR 0,"IDR 500,000",,Sebelum-UAT,Invite+reset masuk inbox bukan spam,TEMPLATE,Bisa Rp0 jika pakai provider kampus
D-Infrastructure,D5,Usage tambahan,Storage foto kandidat + egress + Realtime + SMS jika dipakai,src/integrations/supabase/*,paket,variabel,Universitas,1,IDR 0,IDR 0,,IDR 0,IDR 0,,H-H,Dibayar sesuai tagihan aktual,TEMPLATE,Diisi dari dashboard billing
E-Recurring,E1,Maintenance,Bugfix + security update + dependency + DB maintenance + minor improvement + X jam support,docs/RUNBOOK.md:242-250,bulan,bulanan,Universitas,1,"IDR 1,000,000","IDR 3,000,000",,"IDR 1,000,000","IDR 3,000,000",,Pasca-Event,PITR cek bulanan; drill/3 bln; rotate key/3 bln,OPSIONAL,Disepakati pasca-pilot
E-Recurring,E2,Annual license,Unlimited election wajar + hosting guidance + updates + support + backup + X jam/bln,docs/schema/Skema-Pembiayaan-Project.md:12,tahun,tahunan,Universitas,1,"IDR 12,000,000","IDR 30,000,000",,"IDR 12,000,000","IDR 30,000,000",,Pasca-Pilot,Ditawarkan setelah pilot sukses multi-event,OPSIONAL,Contoh range; final pasca-evaluasi pilot
E-Recurring,E3,Source buyout,Pengalihan IP core; kontrak terpisah; tidak termasuk lisensi pakai,docs/schema/Skema-Pembiayaan-Project.md:7,paket,satu-kali,Universitas,1,IDR 0,IDR 0,,IDR 0,IDR 0,,Terpisah,Akta/IP transfer terpisah,OPSIONAL,Jangan dicampur lisensi pakai
TOTAL,PROJECT-FEE,Total Project Fee A+B+C,Jumlah fee jasa Binary Verse di luar infrastruktur,docs/Budget/Rincian-Biaya-Pilot.md:11,paket,per-pilot,Universitas,1,"IDR 11,000,000","IDR 25,000,000",,"IDR 11,000,000","IDR 25,000,000",,GoLive,A+B+C lolos acceptance; satu merah -> postpone,TEMPLATE,Isi harga_dipilih per baris lalu jumlahkan kolom subtotal_dipilih
TOTAL,INFRA,Total Infrastructure D,Jumlah D1-D5 dibayar ke provider via akun universitas,docs/Budget/Rincian-Biaya-Pilot.md:6,paket,per-pilot,Universitas,1,"IDR 1,640,000","IDR 2,500,000",,"IDR 1,640,000","IDR 2,500,000",,Pra-GoLive,Billing di org universitas,TEMPLATE,Di luar Project Fee; contoh 2 bulan + domain + SMTP
